week,day,board,pin_title,pin_description,alt_text,destination_url,image
Week 1,Mon,"Fitness, No Myths","How to start going to the gym: your first visit, planned hour by hour","In one line: The fear, the floor plan, and a 45-minute first session anyone can walk in and do - plus what weeks one to four actually look like. Read the full guide: https://thebryme.com/fitness/how-to-start-going-to-the-gym/ (THE BRYME fitness desk).","The fear, the floor plan, and a 45-minute first session anyone can walk in and do - plus what weeks one to four actually look like.",https://thebryme.com/fitness/how-to-start-going-to-the-gym/,boards/fitness-no-myths/fitness__how-to-start-going-to-the-gym.jpg
Week 1,Wed,Money Guides in Plain English,"How to budget with irregular income: smooth the money, not the month","Find your worst month, pay yourself a salary, ring-fence tax — the buffer system that replaces the payslip freelancers never had. Read the full guide: https://thebryme.com/money/how-to-budget-with-irregular-income/ (THE BRYME money desk).","How to budget when income is irregular: find your worst month, pay yourself a salary, ring-fence tax, and build the buffer that replaces the payslip.",https://thebryme.com/money/how-to-budget-with-irregular-income/,boards/money-plain-english/money__how-to-budget-with-irregular-income.jpg
Week 1,Fri,What to Watch Tonight,How to build a watchlist you will actually finish,"In one line: The modern watchlist is a graveyard of good intentions: four hundred saved titles, growing monthly, never visited. Read the full guide: https://thebryme.com/entertainment/how-to-build-a-watchlist/ (THE BRYME entertainment desk).","The modern watchlist is a graveyard of good intentions: four hundred saved titles, growing monthly, never visited. The failure is not discipline — it is arch…",https://thebryme.com/entertainment/how-to-build-a-watchlist/,boards/what-to-watch-tonight/entertainment__how-to-build-a-watchlist.jpg
Week 2,Mon,Home & DIY That Actually Works,How to flush a water heater (and why the rumbling matters),In one line: Sediment is the crackle and pop in the tank. Read the full guide: https://thebryme.com/home/water-heater-flush-how-to/ (THE BRYME home desk).,"Sediment is the crackle and pop in the tank. The once-a-year drain that quiets it, the safety steps that come first, and the line where a pro takes over.",https://thebryme.com/home/water-heater-flush-how-to/,boards/home-diy-that-works/home__water-heater-flush-how-to.jpg
Week 2,Wed,Tech Buying & Fixes,Which password manager fits you? The 2026 chooser,"In one line: Bitwarden vs 1Password vs Apple Passwords vs Proton Pass vs KeePassXC - the 2026 field as a matrix, with a three-question chooser and the habits that matter. Read the full guide: https://thebryme.com/tech/best-password-manager-for-you/ (THE BRYME tech desk).","Bitwarden vs 1Password vs Apple Passwords vs Proton Pass vs KeePassXC - the 2026 field as a matrix, with a three-question chooser and the habits that matte",https://thebryme.com/tech/best-password-manager-for-you/,boards/tech-buying-and-fixes/tech__best-password-manager-for-you.jpg
Week 2,Fri,Paid Writing & Freelance Careers,How to invoice a publication (which is not like invoicing a client),"A magazine invoice needs different things from a business invoice, gets paid on a different schedule, and is often not an invoice at all. Read the full guide: https://thebryme.com/writers/learn/freelance-paid-writing/how-to-invoice-as-a-writer/ (THE BRYME writers desk).","A magazine invoice needs different things from a business invoice, gets paid on a different schedule, and is often not an invoice at all. What to send, and when to chase.",https://thebryme.com/writers/learn/freelance-paid-writing/how-to-invoice-as-a-writer/,boards/paid-writing-freelance/writers__learn__freelance-paid-writing__how-to-invoice-as-a-writer.jpg
Week 3,Mon,"Fitness, No Myths",How much protein do you actually need?,"In one line: The official number, why trainers quote bigger ones, food before powders — the honest arithmetic, with the lines this desk will not cross. Read the full guide: https://thebryme.com/fitness/how-much-protein-do-you-need/ (THE BRYME fitness desk).","The official number, why trainers quote bigger ones, food before powders — the honest arithmetic, with the lines this desk will not cross.",https://thebryme.com/fitness/how-much-protein-do-you-need/,boards/fitness-no-myths/fitness__how-much-protein-do-you-need.jpg
Week 3,Wed,Money Guides in Plain English,What is escrow? The neutral third party behind two moments of home buying,"Escrow during the purchase and the escrow account inside the mortgage, the trade-off of forced saving, and how the UK and others solve the same problem without it. Read the full guide: https://thebryme.com/money/what-is-escrow-explained/ (THE BRYME money desk).","Escrow explained: the neutral holding account during a home purchase, the mortgage escrow account for taxes and insurance, shortages, and the non-US equivalents.",https://thebryme.com/money/what-is-escrow-explained/,boards/money-plain-english/money__what-is-escrow-explained.jpg
Week 3,Fri,What to Watch Tonight,Where to start with Studio Ghibli: an honest route,In one line: Studio Ghibli's catalogue is deep enough that the wrong first film can mis-sell the whole house: start with the slowest and you may decide the studio is bori… Read the full guide: https://thebryme.com/entertainment/where-to-start-with-ghibli/ (THE BRYME entertainment desk).,Studio Ghibli's catalogue is deep enough that the wrong first film can mis-sell the whole house: start with the slowest and you may decide the studio is bori…,https://thebryme.com/entertainment/where-to-start-with-ghibli/,boards/what-to-watch-tonight/entertainment__where-to-start-with-ghibli.jpg
Week 4,Mon,Home & DIY That Actually Works,Why your energy bill is high even though nothing changed,In one line: Nothing changed — and everything changed. Read the full guide: https://thebryme.com/home/energy-bill-high-unchanged/ (THE BRYME home desk).,Nothing changed — and everything changed. The seven mechanisms behind a bill that creeps up on a household that's done nothing wrong.,https://thebryme.com/home/energy-bill-high-unchanged/,boards/home-diy-that-works/home__energy-bill-high-unchanged.jpg
Week 4,Wed,Tech Buying & Fixes,4K down the length of a room: what actually happens to an HDMI cable over distance,"In one line: Why short runs just work and long ones flicker, the point where copper gives up, the booster-versus-extender choice, and the handshake that blinks every ten minutes. Read the full guide: https://thebryme.com/tech/hdmi-long-run-4k/ (THE BRYME tech desk).","Why short runs just work and long ones flicker, the point where copper gives up, the booster-versus-extender choice, and the handshake that blinks every te",https://thebryme.com/tech/hdmi-long-run-4k/,boards/tech-buying-and-fixes/tech__hdmi-long-run-4k.jpg
Week 4,Fri,Paid Writing & Freelance Careers,"How Nigerian writers can access US and UK publishing markets — the routes, the rails, and the 30% form","What actually works from Lagos — the doors that are open, the payout setup that survives it, the W-8BEN fact nobody tells Nigerian authors, and the 2026 home-front tax law. Read the full guide: https://thebryme.com/writers/learn/freelance-paid-writing/nigerian-writers-us-uk-markets/ (THE BRYME writers desk).","What actually works from Lagos — the doors that are open, the payout setup that survives it, the W-8BEN fact nobody tells Nigerian authors, and the 2026 home-front tax law.",https://thebryme.com/writers/learn/freelance-paid-writing/nigerian-writers-us-uk-markets/,boards/paid-writing-freelance/writers__learn__freelance-paid-writing__nigerian-writers-us-uk-markets.jpg
