board,pin_title,pin_description,destination_url,image
Paid Writing & Freelance Careers,How to write,Everything you need to write better — from the very first sentence to getting published and paid. Read the full guide: https://thebryme.com/writers/learn/ (THE BRYME writers desk).,https://thebryme.com/writers/learn/,boards/paid-writing-freelance/writers__learn.jpg
Paid Writing & Freelance Careers,What changes when you cross a border,"Most writing advice online is quietly American, or quietly British, and never says so. Read the full guide: https://thebryme.com/writers/regional/ (THE BRYME writers desk).",https://thebryme.com/writers/regional/,boards/paid-writing-freelance/writers__regional.jpg
Paid Writing & Freelance Careers,What changed on the desk,"The most recent human checks across the 142-publication database, newest first. Read the full guide: https://thebryme.com/writers/what-changed/ (THE BRYME writers desk).",https://thebryme.com/writers/what-changed/,boards/paid-writing-freelance/writers__what-changed.jpg
Paid Writing & Freelance Careers,What are you trying to write?,You do not need to know the name of the format to find help with it. Read the full guide: https://thebryme.com/writers/find/ (THE BRYME writers desk).,https://thebryme.com/writers/find/,boards/paid-writing-freelance/writers__find.jpg
Paid Writing & Freelance Careers,"How Nigerian writers can access US and UK publishing markets — the routes, the rails, and the 30% form","What actually works from Lagos — the doors that are open, the payout setup that survives it, the W-8BEN fact nobody tells Nigerian authors, and the 2026 home-front tax law. Read the full guide: https://thebryme.com/writers/learn/freelance-paid-writing/nigerian-writers-us-uk-markets/ (THE BRYME writers desk).",https://thebryme.com/writers/learn/freelance-paid-writing/nigerian-writers-us-uk-markets/,boards/paid-writing-freelance/writers__learn__freelance-paid-writing__nigerian-writers-us-uk-markets.jpg
Paid Writing & Freelance Careers,"Canadian tax for freelance writers — file by June 15, pay by April 30","The two deadlines are six weeks apart, and the interest clock starts at the earlier one. Read the full guide: https://thebryme.com/writers/learn/freelance-paid-writing/canada-tax-for-freelance-writers/ (THE BRYME writers desk).",https://thebryme.com/writers/learn/freelance-paid-writing/canada-tax-for-freelance-writers/,boards/paid-writing-freelance/writers__learn__freelance-paid-writing__canada-tax-for-freelance-writers.jpg
Paid Writing & Freelance Careers,How to become a technical writer — the portfolio is the credential,"No required certificate exists, which is bad news for certificate-sellers and good news for you. Read the full guide: https://thebryme.com/writers/learn/freelance-paid-writing/how-to-become-a-technical-writer/ (THE BRYME writers desk).",https://thebryme.com/writers/learn/freelance-paid-writing/how-to-become-a-technical-writer/,boards/paid-writing-freelance/writers__learn__freelance-paid-writing__how-to-become-a-technical-writer.jpg
Paid Writing & Freelance Careers,How to invoice a publication (which is not like invoicing a client),"A magazine invoice needs different things from a business invoice, gets paid on a different schedule, and is often not an invoice at all. Read the full guide: https://thebryme.com/writers/learn/freelance-paid-writing/how-to-invoice-as-a-writer/ (THE BRYME writers desk).",https://thebryme.com/writers/learn/freelance-paid-writing/how-to-invoice-as-a-writer/,boards/paid-writing-freelance/writers__learn__freelance-paid-writing__how-to-invoice-as-a-writer.jpg
Paid Writing & Freelance Careers,"What rights are you actually signing away? 55 real clauses, read",Only 55 of 142 verified publications state their rights terms at all. Read the full guide: https://thebryme.com/writers/learn/freelance-paid-writing/writing-contracts-what-to-check/ (THE BRYME writers desk).,https://thebryme.com/writers/learn/freelance-paid-writing/writing-contracts-what-to-check/,boards/paid-writing-freelance/writers__learn__freelance-paid-writing__writing-contracts-what-to-check.jpg
Paid Writing & Freelance Careers,How to become a SaaS writer (and the budget trap nobody warns you about),SaaS writing has a reputation as an easy high-paying niche. Read the full guide: https://thebryme.com/writers/learn/freelance-paid-writing/how-to-become-a-saas-writer/ (THE BRYME writers desk).,https://thebryme.com/writers/learn/freelance-paid-writing/how-to-become-a-saas-writer/,boards/paid-writing-freelance/writers__learn__freelance-paid-writing__how-to-become-a-saas-writer.jpg
Paid Writing & Freelance Careers,What invoicing software actually costs a freelance writer,"Verified current pricing for Wave, Zoho Invoice and FreshBooks, plus the reason most &quot;best invoicing software&quot; articles quote a price you will never see. Read the full guide: https://thebryme.com/writers/learn/freelance-paid-writing/invoicing-software-for-writers/ (THE BRYME writers desk).",https://thebryme.com/writers/learn/freelance-paid-writing/invoicing-software-for-writers/,boards/paid-writing-freelance/writers__learn__freelance-paid-writing__invoicing-software-for-writers.jpg
Paid Writing & Freelance Careers,How plagiarism checkers and AI checkers are made,What actually goes on behind the scenes of a plagiarism or AI detector — and why no tool can be fully trusted. Read the full guide: https://thebryme.com/writers/learn/common-problems/how-plagiarism-and-ai-checkers-are-made/ (THE BRYME writers desk).,https://thebryme.com/writers/learn/common-problems/how-plagiarism-and-ai-checkers-are-made/,boards/paid-writing-freelance/writers__learn__common-problems__how-plagiarism-and-ai-checkers-are-made.jpg
Paid Writing & Freelance Careers,How to choose a grammar checker (and why &quot;best&quot; is the wrong question),A grammar checker that does not know your publication&#x27;s house style will confidently make your work wrong. Read the full guide: https://thebryme.com/writers/learn/freelance-paid-writing/choosing-a-grammar-checker/ (THE BRYME writers desk).,https://thebryme.com/writers/learn/freelance-paid-writing/choosing-a-grammar-checker/,boards/paid-writing-freelance/writers__learn__freelance-paid-writing__choosing-a-grammar-checker.jpg
Paid Writing & Freelance Careers,What freelance writers can claim as expenses,"The categories that apply to writing specifically, across the US, UK, Canada and Australia — and the three writers most often get wrong. Read the full guide: https://thebryme.com/writers/learn/freelance-paid-writing/business-expenses-for-writers/ (THE BRYME writers desk).",https://thebryme.com/writers/learn/freelance-paid-writing/business-expenses-for-writers/,boards/paid-writing-freelance/writers__learn__freelance-paid-writing__business-expenses-for-writers.jpg
Paid Writing & Freelance Careers,How to choose a note-taking app — the ownership question comes first,The note app you choose matters less than whether you can leave it. Read the full guide: https://thebryme.com/writers/learn/freelance-paid-writing/choosing-note-taking-apps/ (THE BRYME writers desk).,https://thebryme.com/writers/learn/freelance-paid-writing/choosing-note-taking-apps/,boards/paid-writing-freelance/writers__learn__freelance-paid-writing__choosing-note-taking-apps.jpg
Paid Writing & Freelance Careers,Should a freelance writer form an LLC?,For most US writers the honest answer is not yet. Read the full guide: https://thebryme.com/writers/learn/freelance-paid-writing/should-writers-form-an-llc/ (THE BRYME writers desk).,https://thebryme.com/writers/learn/freelance-paid-writing/should-writers-form-an-llc/,boards/paid-writing-freelance/writers__learn__freelance-paid-writing__should-writers-form-an-llc.jpg
Paid Writing & Freelance Careers,How to raise your freelance writing rates,"Using published survey data as leverage, what to say to an existing client, and when a rate rise is the wrong fix. Read the full guide: https://thebryme.com/writers/learn/freelance-paid-writing/how-to-raise-your-freelance-rates/ (THE BRYME writers desk).",https://thebryme.com/writers/learn/freelance-paid-writing/how-to-raise-your-freelance-rates/,boards/paid-writing-freelance/writers__learn__freelance-paid-writing__how-to-raise-your-freelance-rates.jpg
Paid Writing & Freelance Careers,How to become a financial writer,"The best-paid copywriting specialism in the UK at £600–£850 a day, and the least crowded — because most writers will not learn the compliance rules. Read the full guide: https://thebryme.com/writers/learn/freelance-paid-writing/how-to-become-a-financial-writer/ (THE BRYME writers desk).",https://thebryme.com/writers/learn/freelance-paid-writing/how-to-become-a-financial-writer/,boards/paid-writing-freelance/writers__learn__freelance-paid-writing__how-to-become-a-financial-writer.jpg
Paid Writing & Freelance Careers,How to become a medical writer without a science PhD,"The realistic routes into medical writing, which sub-specialisms accept generalists, and what to build first. Read the full guide: https://thebryme.com/writers/learn/freelance-paid-writing/how-to-become-a-medical-writer/ (THE BRYME writers desk).",https://thebryme.com/writers/learn/freelance-paid-writing/how-to-become-a-medical-writer/,boards/paid-writing-freelance/writers__learn__freelance-paid-writing__how-to-become-a-medical-writer.jpg
Paid Writing & Freelance Careers,How to plan a novel,"Structure for something long enough to get lost in — outlining, the middle, and how to keep going for the year it takes. Read the full guide: https://thebryme.com/writers/learn/creative-writing/how-to-plan-a-novel/ (THE BRYME writers desk).",https://thebryme.com/writers/learn/creative-writing/how-to-plan-a-novel/,boards/paid-writing-freelance/writers__learn__creative-writing__how-to-plan-a-novel.jpg
Paid Writing & Freelance Careers,What technical writing pays,"Technical writing rates from the EFA 2026 survey, plus how API, SaaS and compliance documentation differ in pay. Read the full guide: https://thebryme.com/writers/learn/freelance-paid-writing/technical-writing-rates/ (THE BRYME writers desk).",https://thebryme.com/writers/learn/freelance-paid-writing/technical-writing-rates/,boards/paid-writing-freelance/writers__learn__freelance-paid-writing__technical-writing-rates.jpg
Paid Writing & Freelance Careers,How to write a formal appeal,"Appealing a decision — a grade, a rejection, a penalty, a refused claim — on the grounds the process actually allows. Read the full guide: https://thebryme.com/writers/learn/professional-writing/how-to-write-a-formal-appeal/ (THE BRYME writers desk).",https://thebryme.com/writers/learn/professional-writing/how-to-write-a-formal-appeal/,boards/paid-writing-freelance/writers__learn__professional-writing__how-to-write-a-formal-appeal.jpg
Paid Writing & Freelance Careers,How to write a reference letter for someone else,How to write a recommendation that actually helps — including what to do when you cannot honestly be enthusiastic. Read the full guide: https://thebryme.com/writers/learn/professional-writing/how-to-write-a-reference-letter/ (THE BRYME writers desk).,https://thebryme.com/writers/learn/professional-writing/how-to-write-a-reference-letter/,boards/paid-writing-freelance/writers__learn__professional-writing__how-to-write-a-reference-letter.jpg
Paid Writing & Freelance Careers,How to manage a long writing project,"Finishing a thesis, a book or a multi-part series — the systems that get you to the end when the deadline is a year away. Read the full guide: https://thebryme.com/writers/learn/writing-process/how-to-manage-a-long-writing-project/ (THE BRYME writers desk).",https://thebryme.com/writers/learn/writing-process/how-to-manage-a-long-writing-project/,boards/paid-writing-freelance/writers__learn__writing-process__how-to-manage-a-long-writing-project.jpg
Paid Writing & Freelance Careers,What medical writing actually pays,"Medical writing rates from the EFA, EMWA and AMWA surveys — per word, per hour, and per project, with what each figure covers. Read the full guide: https://thebryme.com/writers/learn/freelance-paid-writing/medical-writing-rates/ (THE BRYME writers desk).",https://thebryme.com/writers/learn/freelance-paid-writing/medical-writing-rates/,boards/paid-writing-freelance/writers__learn__freelance-paid-writing__medical-writing-rates.jpg
Paid Writing & Freelance Careers,How to write in plain language,"Writing that more people can read — including readers with dyslexia, low literacy, or English as a second language. Read the full guide: https://thebryme.com/writers/learn/editing-proofreading/how-to-write-in-plain-language/ (THE BRYME writers desk).",https://thebryme.com/writers/learn/editing-proofreading/how-to-write-in-plain-language/,boards/paid-writing-freelance/writers__learn__editing-proofreading__how-to-write-in-plain-language.jpg
Paid Writing & Freelance Careers,How to write with AI without losing your voice,"Where AI tools genuinely help, where they quietly damage your writing, and how to stay inside a publication&#x27;s disclosure rules. Read the full guide: https://thebryme.com/writers/learn/writing-process/how-to-write-with-ai/ (THE BRYME writers desk).",https://thebryme.com/writers/learn/writing-process/how-to-write-with-ai/,boards/paid-writing-freelance/writers__learn__writing-process__how-to-write-with-ai.jpg
Paid Writing & Freelance Careers,How to write an apology,A real apology — personal or organisational — and the six things that make one work instead of making it worse. Read the full guide: https://thebryme.com/writers/learn/professional-writing/how-to-write-an-apology/ (THE BRYME writers desk).,https://thebryme.com/writers/learn/professional-writing/how-to-write-an-apology/,boards/paid-writing-freelance/writers__learn__professional-writing__how-to-write-an-apology.jpg
Paid Writing & Freelance Careers,How to build a personal style guide,"A one-page record of your own conventions, so your writing is consistent across a project, a site or a career. Read the full guide: https://thebryme.com/writers/learn/editing-proofreading/how-to-build-a-personal-style-guide/ (THE BRYME writers desk).",https://thebryme.com/writers/learn/editing-proofreading/how-to-build-a-personal-style-guide/,boards/paid-writing-freelance/writers__learn__editing-proofreading__how-to-build-a-personal-style-guide.jpg
Paid Writing & Freelance Careers,How to write a literature review,"A synthesis of what is known, organised by argument rather than by source — and the difference between reviewing and listing. Read the full guide: https://thebryme.com/writers/learn/academic-writing/how-to-write-a-literature-review/ (THE BRYME writers desk).",https://thebryme.com/writers/learn/academic-writing/how-to-write-a-literature-review/,boards/paid-writing-freelance/writers__learn__academic-writing__how-to-write-a-literature-review.jpg
Home & DIY That Actually Works,"Which heating system fits my home? — gas, heat pump, electric or keep-and-tune","In one line: Gas, heat pump, modern electric or keep-and-tune: six questions place your home on the honest heating ladder — fabric first, cost shapes shown, no quotes invented. Read the full guide: https://thebryme.com/home/which-heating-system/ (THE BRYME home desk).",https://thebryme.com/home/which-heating-system/,boards/home-diy-that-works/home__which-heating-system.jpg
Home & DIY That Actually Works,What size inverter and battery does my home need? — a load-first sizing tool,"In one line: Tick your actual appliances and the tool sizes the inverter (with surge margin), battery bank and solar array — every line of the working shown. Read the full guide: https://thebryme.com/home/inverter-sizing-calculator/ (THE BRYME home desk).",https://thebryme.com/home/inverter-sizing-calculator/,boards/home-diy-that-works/home__inverter-sizing-calculator.jpg
Home & DIY That Actually Works,What requires a permit in the US — and what happens if you skip one,In one line: There&#x27;s no national permit rulebook: cities and counties decide. Read the full guide: https://thebryme.com/home/us-home-permits/ (THE BRYME home desk).,https://thebryme.com/home/us-home-permits/,boards/home-diy-that-works/home__us-home-permits.jpg
Home & DIY That Actually Works,What not to do in the days after a pest treatment,"In one line: The treatment keeps working on the edges you can&#x27;t see — and the most common way people undo it is by cleaning exactly the wrong things, exactly on time. Read the full guide: https://thebryme.com/home/after-pest-treatment/ (THE BRYME home desk).",https://thebryme.com/home/after-pest-treatment/,boards/home-diy-that-works/home__after-pest-treatment.jpg
Home & DIY That Actually Works,How to flush a water heater (and why the rumbling matters),In one line: Sediment is the crackle and pop in the tank. Read the full guide: https://thebryme.com/home/water-heater-flush-how-to/ (THE BRYME home desk).,https://thebryme.com/home/water-heater-flush-how-to/,boards/home-diy-that-works/home__water-heater-flush-how-to.jpg
Home & DIY That Actually Works,Why your energy bill is high even though nothing changed,In one line: Nothing changed — and everything changed. Read the full guide: https://thebryme.com/home/energy-bill-high-unchanged/ (THE BRYME home desk).,https://thebryme.com/home/energy-bill-high-unchanged/,boards/home-diy-that-works/home__energy-bill-high-unchanged.jpg
Home & DIY That Actually Works,Why &#x27;a clean home doesn&#x27;t get pests&#x27; is a myth,"In one line: Cleanliness helps, but pests are negotiating for three things — water, shelter and entry — and a spotless home can offer all three. Read the full guide: https://thebryme.com/home/clean-home-pests-myth/ (THE BRYME home desk).",https://thebryme.com/home/clean-home-pests-myth/,boards/home-diy-that-works/home__clean-home-pests-myth.jpg
Home & DIY That Actually Works,What DIY electrical work is actually legal in the US — without a licence,In one line: There&#x27;s no single answer — states run three different systems. Read the full guide: https://thebryme.com/home/us-diy-electrical-rules/ (THE BRYME home desk).,https://thebryme.com/home/us-diy-electrical-rules/,boards/home-diy-that-works/home__us-diy-electrical-rules.jpg
Home & DIY That Actually Works,"Why unflued gas heaters make damp worse, not better","In one line: Burning gas indoors makes water — half a litre to a litre an hour that lands straight in your room, along with everything else combustion produces. Read the full guide: https://thebryme.com/home/gas-heaters-damp/ (THE BRYME home desk).",https://thebryme.com/home/gas-heaters-damp/,boards/home-diy-that-works/home__gas-heaters-damp.jpg
Home & DIY That Actually Works,Why overloading a single outlet is more dangerous than it looks,"In one line: An overloaded outlet doesn&#x27;t trip, spark or shout — it warms up quietly, ages the insulation, and repeats until it doesn&#x27;t get away with it. Read the full guide: https://thebryme.com/home/outlet-overloading-danger/ (THE BRYME home desk).",https://thebryme.com/home/outlet-overloading-danger/,boards/home-diy-that-works/home__outlet-overloading-danger.jpg
Home & DIY That Actually Works,Why unpermitted work can derail a home sale years later,In one line: The work itself often survives inspection fine. Read the full guide: https://thebryme.com/home/unpermitted-work-home-sale/ (THE BRYME home desk).,https://thebryme.com/home/unpermitted-work-home-sale/,boards/home-diy-that-works/home__unpermitted-work-home-sale.jpg
Home & DIY That Actually Works,"Why is my electric bill so high? The eight causes, ranked","In one line: Before blaming the boiler or the kids&#x27; consoles: rates rose first, then the water heater, the old fridge and the small always-on loads. Read the full guide: https://thebryme.com/home/why-is-my-electric-bill-so-high/ (THE BRYME home desk).",https://thebryme.com/home/why-is-my-electric-bill-so-high/,boards/home-diy-that-works/home__why-is-my-electric-bill-so-high.jpg
Home & DIY That Actually Works,Why &#x27;just call a plumber&#x27; means different rules in the UK and the US,"In one line: Same trade, two countries, two completely different rulebooks — here&#x27;s what each side legally expects before work starts. Read the full guide: https://thebryme.com/home/uk-us-plumber-rules/ (THE BRYME home desk).",https://thebryme.com/home/uk-us-plumber-rules/,boards/home-diy-that-works/home__uk-us-plumber-rules.jpg
Home & DIY That Actually Works,How to clean a washing machine (including the parts that actually cause the smell),"In one line: Why machines smell and mark laundry, the gasket-and-filter truth behind it, and a maintenance rhythm that prevents both. Read the full guide: https://thebryme.com/home/how-to-clean-a-washing-machine/ (THE BRYME home desk).",https://thebryme.com/home/how-to-clean-a-washing-machine/,boards/home-diy-that-works/home__how-to-clean-a-washing-machine.jpg
Home & DIY That Actually Works,Why humidity ruins paint jobs (and what to check before you start),In one line: Humidity decides whether paint cures into a film or stays a sticky compromise — and the check costs less than the redo. Read the full guide: https://thebryme.com/home/humidity-and-paint/ (THE BRYME home desk).,https://thebryme.com/home/humidity-and-paint/,boards/home-diy-that-works/home__humidity-and-paint.jpg
Home & DIY That Actually Works,Why wet-mopping certain floors voids the warranty,"In one line: Manufacturers say it in plain words — &#x27;damp mop only, never wet or steam&#x27; — and the exclusion is written into the warranty you&#x27;re standing on. Read the full guide: https://thebryme.com/home/wet-mop-floor-warranty/ (THE BRYME home desk).",https://thebryme.com/home/wet-mop-floor-warranty/,boards/home-diy-that-works/home__wet-mop-floor-warranty.jpg
Home & DIY That Actually Works,How to bleed a radiator (and why it goes cold at the top),In one line: Trapped air is the usual culprit for a radiator that is hot at the bottom and cold at the top — a ten-minute fix with one pressure check at the end. Read the full guide: https://thebryme.com/home/how-to-bleed-a-radiator/ (THE BRYME home desk).,https://thebryme.com/home/how-to-bleed-a-radiator/,boards/home-diy-that-works/home__how-to-bleed-a-radiator.jpg
Home & DIY That Actually Works,Why is my home doing that? A symptom finder for the ten common complaints,"In one line: Damp patch, dripping tap, tripping breaker, cold room, mystery smell: match the symptom, get the likely cause, and land on the page that fixes it. Read the full guide: https://thebryme.com/home/why-is-my-home-doing-that/ (THE BRYME home desk).",https://thebryme.com/home/why-is-my-home-doing-that/,boards/home-diy-that-works/home__why-is-my-home-doing-that.jpg
Home & DIY That Actually Works,"How to fix a slow-draining sink, honestly","In one line: What actually clears a slow sink (in order of effort), what is mostly theatre, and the point at which a plumber earns their fee. Read the full guide: https://thebryme.com/home/how-to-fix-a-slow-draining-sink/ (THE BRYME home desk).",https://thebryme.com/home/how-to-fix-a-slow-draining-sink/,boards/home-diy-that-works/home__how-to-fix-a-slow-draining-sink.jpg
Home & DIY That Actually Works,"How to clean a mattress, and the habits that double its life","In one line: Vacuum, spot, air, rotate: the annual ritual, the stain rules, and the honest signs it is replacement time. Read the full guide: https://thebryme.com/home/how-to-clean-and-care-for-a-mattress/ (THE BRYME home desk).",https://thebryme.com/home/how-to-clean-and-care-for-a-mattress/,boards/home-diy-that-works/home__how-to-clean-and-care-for-a-mattress.jpg
Home & DIY That Actually Works,Is it cheaper to heat one room? The honest answer,"In one line: The space-heater maths works - for one person, in one room, for a few hours. Read the full guide: https://thebryme.com/home/is-it-cheaper-to-heat-one-room/ (THE BRYME home desk).",https://thebryme.com/home/is-it-cheaper-to-heat-one-room/,boards/home-diy-that-works/home__is-it-cheaper-to-heat-one-room.jpg
Home & DIY That Actually Works,Why a small leak never stays small,"In one line: The EPA counts 10,000 gallons a year of household leak waste — and the drip is the cheapest part of what a slow leak does to a house. Read the full guide: https://thebryme.com/home/small-leak-ripple-effect/ (THE BRYME home desk).",https://thebryme.com/home/small-leak-ripple-effect/,boards/home-diy-that-works/home__small-leak-ripple-effect.jpg
Home & DIY That Actually Works,How to deep clean an oven without ruining it,"In one line: The self-clean vs manual decision, the rack trick that does the work overnight, and the safety lines that matter with oven cleaners. Read the full guide: https://thebryme.com/home/how-to-deep-clean-an-oven/ (THE BRYME home desk).",https://thebryme.com/home/how-to-deep-clean-an-oven/,boards/home-diy-that-works/home__how-to-deep-clean-an-oven.jpg
Home & DIY That Actually Works,How to descale a kettle (and why it keeps coming back),"In one line: Limescale explained in one paragraph, the descale method that respects your kettle, and the habit that halves the problem. Read the full guide: https://thebryme.com/home/how-to-descale-a-kettle/ (THE BRYME home desk).",https://thebryme.com/home/how-to-descale-a-kettle/,boards/home-diy-that-works/home__how-to-descale-a-kettle.jpg
Home & DIY That Actually Works,"How to unblock a toilet, calmly","In one line: The physics-first method: water pressure beats panic, chemicals are last, and the signs that say call a plumber. Read the full guide: https://thebryme.com/home/how-to-unblock-a-toilet/ (THE BRYME home desk).",https://thebryme.com/home/how-to-unblock-a-toilet/,boards/home-diy-that-works/home__how-to-unblock-a-toilet.jpg
Home & DIY That Actually Works,Why cleaning the dryer lint trap every load isn&#x27;t optional,In one line: Lint is the most flammable thing in your home and it collects in the hottest place in it — the trap is a two-second habit with a fire-safety payoff. Read the full guide: https://thebryme.com/home/dryer-lint-every-load/ (THE BRYME home desk).,https://thebryme.com/home/dryer-lint-every-load/,boards/home-diy-that-works/home__dryer-lint-every-load.jpg
Home & DIY That Actually Works,Why your circuit breaker keeps tripping — and where DIY must stop,"In one line: What breakers actually protect you from, the safe way to narrow down the cause, and the hard boundary that separates a homeowner from an electrician. Read the full guide: https://thebryme.com/home/why-does-my-circuit-breaker-keep-tripping/ (THE BRYME home desk).",https://thebryme.com/home/why-does-my-circuit-breaker-keep-tripping/,boards/home-diy-that-works/home__why-does-my-circuit-breaker-keep-tripping.jpg
Home & DIY That Actually Works,Why pre-rinsing dishes before the dishwasher backfires,In one line: Modern detergent is built to attack food — rinse it all away first and you give it nothing to do except slowly etch your glassware. Read the full guide: https://thebryme.com/home/stop-pre-rinsing-dishes/ (THE BRYME home desk).,https://thebryme.com/home/stop-pre-rinsing-dishes/,boards/home-diy-that-works/home__stop-pre-rinsing-dishes.jpg
Home & DIY That Actually Works,"How to clear a slow shower drain, in order of effort","In one line: Pull, don&#x27;t push: the hair mat, the zip tool, the safe flush — and when a slow drain is a job for a professional. Read the full guide: https://thebryme.com/home/how-to-clear-a-slow-shower-drain/ (THE BRYME home desk).",https://thebryme.com/home/how-to-clear-a-slow-shower-drain/,boards/home-diy-that-works/home__how-to-clear-a-slow-shower-drain.jpg
Home & DIY That Actually Works,How many smoke and CO alarms your home actually needs (US and UK),"In one line: The legal minimum and the recommended standard are different numbers — here is both, side by side, for the US and the UK. Read the full guide: https://thebryme.com/home/how-many-smoke-co-alarms/ (THE BRYME home desk).",https://thebryme.com/home/how-many-smoke-co-alarms/,boards/home-diy-that-works/home__how-many-smoke-co-alarms.jpg
Money Guides in Plain English,How mortgages work: the machine behind the biggest contract you will sign,"Interest, principal, LTV and term — how the monthly payment is built, and why early extra payments are the most powerful kind. Read the full guide: https://thebryme.com/money/how-mortgages-work-explained/ (THE BRYME money desk).",https://thebryme.com/money/how-mortgages-work-explained/,boards/money-plain-english/money__how-mortgages-work-explained.jpg
Money Guides in Plain English,Where to put your money: a ladder sorted by risk and horizon,"Cash, savings, term deposits, bonds, index funds — what each rung buys, what it risks, and the horizon rule that picks for you. Read the full guide: https://thebryme.com/money/where-to-put-your-money-explained/ (THE BRYME money desk).",https://thebryme.com/money/where-to-put-your-money-explained/,boards/money-plain-english/money__where-to-put-your-money-explained.jpg
Money Guides in Plain English,"How long probate takes, and what actually holds it up","The five stages, what each one waits on, the complexity drivers that add months, and the administrative levers that genuinely speed it up. Read the full guide: https://thebryme.com/money/how-long-probate-takes-explained/ (THE BRYME money desk).",https://thebryme.com/money/how-long-probate-takes-explained/,boards/money-plain-english/money__how-long-probate-takes-explained.jpg
Money Guides in Plain English,How to find an unclaimed life insurance policy,"Why payouts go uncollected, the search order from bank statements to official locators, what insurers need, and the locator scam. Read the full guide: https://thebryme.com/money/how-to-find-unclaimed-life-insurance-policies-explained/ (THE BRYME money desk).",https://thebryme.com/money/how-to-find-unclaimed-life-insurance-policies-explained/,boards/money-plain-english/money__how-to-find-unclaimed-life-insurance-policies-explained.jpg
Money Guides in Plain English,"How to budget with irregular income: smooth the money, not the month","Find your worst month, pay yourself a salary, ring-fence tax — the buffer system that replaces the payslip freelancers never had. Read the full guide: https://thebryme.com/money/how-to-budget-with-irregular-income/ (THE BRYME money desk).",https://thebryme.com/money/how-to-budget-with-irregular-income/,boards/money-plain-english/money__how-to-budget-with-irregular-income.jpg
Money Guides in Plain English,How credit scores actually work,"What the number predicts, what feeds it, why you have many scores at once, and the report-versus-score split that matters. Read the full guide: https://thebryme.com/money/how-credit-scores-work/ (THE BRYME money desk).",https://thebryme.com/money/how-credit-scores-work/,boards/money-plain-english/money__how-credit-scores-work.jpg
Money Guides in Plain English,What is escrow? The neutral third party behind two moments of home buying,"Escrow during the purchase and the escrow account inside the mortgage, the trade-off of forced saving, and how the UK and others solve the same problem without it. Read the full guide: https://thebryme.com/money/what-is-escrow-explained/ (THE BRYME money desk).",https://thebryme.com/money/what-is-escrow-explained/,boards/money-plain-english/money__what-is-escrow-explained.jpg
Money Guides in Plain English,How to find a lost pension: the search that actually works,"The free tracing routes, what to have ready before you search, what to do with several pots, and the paid services worth skipping. Read the full guide: https://thebryme.com/money/how-to-find-a-lost-pension-explained/ (THE BRYME money desk).",https://thebryme.com/money/how-to-find-a-lost-pension-explained/,boards/money-plain-english/money__how-to-find-a-lost-pension-explained.jpg
Money Guides in Plain English,What happens to debts when someone dies,"Why debts are paid from the estate and not by relatives, the three real exceptions, insolvent estates, and what creditors may not say. Read the full guide: https://thebryme.com/money/what-happens-to-debts-after-someone-dies-explained/ (THE BRYME money desk).",https://thebryme.com/money/what-happens-to-debts-after-someone-dies-explained/,boards/money-plain-english/money__what-happens-to-debts-after-someone-dies-explained.jpg
Money Guides in Plain English,"How to build an emergency fund: how much, where and how","Three to six months of essentials: the size, the right account, and a build plan that survives bad months. Read the full guide: https://thebryme.com/money/emergency-fund-guide/ (THE BRYME money desk).",https://thebryme.com/money/emergency-fund-guide/,boards/money-plain-english/money__emergency-fund-guide.jpg
Money Guides in Plain English,How insurance premiums are calculated: what you are actually paying for,"Premiums decoded: pooled risk, expected loss, the loading that funds the insurer, and the rating Read the full guide: https://thebryme.com/money/how-insurance-premiums-are-calculated-explained/ (THE BRYME money desk).",https://thebryme.com/money/how-insurance-premiums-are-calculated-explained/,boards/money-plain-english/money__how-insurance-premiums-are-calculated-explained.jpg
Money Guides in Plain English,How to test a trading strategy honestly,"Backtesting 101: the seven ways a backtest lies, and the discipline that catches every one of them — with real examples from a public research lab. Read the full guide: https://thebryme.com/money/backtesting-101/ (THE BRYME money desk).",https://thebryme.com/money/backtesting-101/,boards/money-plain-english/money__backtesting-101.jpg
Money Guides in Plain English,How car insurance works: what you are actually buying,"Liability, comprehensive and add-ons; how premiums get priced; what happens at a claim — and the annual shop-around that pays for itself. Read the full guide: https://thebryme.com/money/how-car-insurance-works/ (THE BRYME money desk).",https://thebryme.com/money/how-car-insurance-works/,boards/money-plain-english/money__how-car-insurance-works.jpg
Money Guides in Plain English,How to remortgage: re-pricing the biggest loan you will ever have,"Remortgaging in plain terms — when it pays, when it does not, the fee arithmetic, and the process Read the full guide: https://thebryme.com/money/how-to-remortgage-explained/ (THE BRYME money desk).",https://thebryme.com/money/how-to-remortgage-explained/,boards/money-plain-english/money__how-to-remortgage-explained.jpg
Money Guides in Plain English,"How much to save for retirement: target income, multiplier, path","Target income first, then the 25× multiplier and its honest range, then the monthly path backwards — retirement as a glide path you steer. Read the full guide: https://thebryme.com/money/how-much-to-save-for-retirement-explained/ (THE BRYME money desk).",https://thebryme.com/money/how-much-to-save-for-retirement-explained/,boards/money-plain-english/money__how-much-to-save-for-retirement-explained.jpg
Money Guides in Plain English,How state pensions work: the largest product you never read,"Pay-as-you-go versus funded systems, the UK&#x27;s qualifying-years maths, checking and filling record gaps, and where the state floor fits the plan. Read the full guide: https://thebryme.com/money/how-state-pensions-work/ (THE BRYME money desk).",https://thebryme.com/money/how-state-pensions-work/,boards/money-plain-english/money__how-state-pensions-work.jpg
Money Guides in Plain English,"How insurance claims work: the process, the paperwork, and the disputes","Filing to settlement decoded — first notice, assessment, the adjuster&#x27;s role, denial letters and Read the full guide: https://thebryme.com/money/how-insurance-claims-work-explained/ (THE BRYME money desk).",https://thebryme.com/money/how-insurance-claims-work-explained/,boards/money-plain-english/money__how-insurance-claims-work-explained.jpg
Money Guides in Plain English,"How to check a trading broker in the US, UK, Canada and Australia","Find the legal firm, check official registers and confirm its permissions before opening an account. Read the full guide: https://thebryme.com/money/how-to-check-a-trading-broker/ (THE BRYME money desk).",https://thebryme.com/money/how-to-check-a-trading-broker/,boards/money-plain-english/money__how-to-check-a-trading-broker.jpg
Money Guides in Plain English,"401(k), explained: free money, low fees, and the rules that bite","How the 401(k) works: capturing the full employer match, choosing the investments inside, Roth versus traditional, and the withdrawal rules. Read the full guide: https://thebryme.com/money/401k-explained/ (THE BRYME money desk).",https://thebryme.com/money/401k-explained/,boards/money-plain-english/money__401k-explained.jpg
Money Guides in Plain English,How to assess a trading platform without a &#x27;best broker&#x27; list,"The account, the firm and the app are not the same thing. Read the full guide: https://thebryme.com/money/how-to-choose-a-trading-platform/ (THE BRYME money desk).",https://thebryme.com/money/how-to-choose-a-trading-platform/,boards/money-plain-english/money__how-to-choose-a-trading-platform.jpg
Money Guides in Plain English,How mortgage approval works: what lenders actually check,"The approval process demystified: affordability tests, debt-to-income, credit checks, stress test Read the full guide: https://thebryme.com/money/how-mortgage-approval-works-explained/ (THE BRYME money desk).",https://thebryme.com/money/how-mortgage-approval-works-explained/,boards/money-plain-english/money__how-mortgage-approval-works-explained.jpg
Money Guides in Plain English,"How payslips work: gross to net, tax codes, and the audit worth doing quarterly","Reading a payslip properly: pre-tax versus post-tax deductions, UK tax codes and the US W-4, and the five checks that catch silent overcharges. Read the full guide: https://thebryme.com/money/how-payslips-work-explained/ (THE BRYME money desk).",https://thebryme.com/money/how-payslips-work-explained/,boards/money-plain-english/money__how-payslips-work-explained.jpg
Money Guides in Plain English,"How to save for a house deposit: UK, US and Nigeria guide","How much deposit you actually need, the LISA bonus and other boosters, and where the money should sit while it waits. Read the full guide: https://thebryme.com/money/how-to-save-for-a-house-deposit/ (THE BRYME money desk).",https://thebryme.com/money/how-to-save-for-a-house-deposit/,boards/money-plain-english/money__how-to-save-for-a-house-deposit.jpg
Money Guides in Plain English,How interest rates work: the chain from policy rate to your pocket,"What central banks actually set, how it reaches your loans and savings on different speeds, and why fixed versus variable is a bet you can survive. Read the full guide: https://thebryme.com/money/how-interest-rates-work-explained/ (THE BRYME money desk).",https://thebryme.com/money/how-interest-rates-work-explained/,boards/money-plain-english/money__how-interest-rates-work-explained.jpg
Money Guides in Plain English,How credit card interest works: grace periods and daily maths,"The grace period&#x27;s condition, APR chopped into daily pieces, penalty rates, where payments go, and why minimums are a trap. Read the full guide: https://thebryme.com/money/how-credit-card-interest-works/ (THE BRYME money desk).",https://thebryme.com/money/how-credit-card-interest-works/,boards/money-plain-english/money__how-credit-card-interest-works.jpg
Money Guides in Plain English,How to improve your credit score: the honest method,"Payment history, utilisation, report errors and the products that build thin files — plus the credit-repair scams to walk away from. Read the full guide: https://thebryme.com/money/how-to-improve-your-credit-score/ (THE BRYME money desk).",https://thebryme.com/money/how-to-improve-your-credit-score/,boards/money-plain-english/money__how-to-improve-your-credit-score.jpg
Money Guides in Plain English,Saving foundations first. Risk-first trading research second,"Build the base before any trade — emergency fund, budget, debt payoff, the compounding maths — then answer the market questions: what this instrument is, how big the position should be, whether that broker is real. Read the full guide: https://thebryme.com/money/ (THE BRYME money desk).",https://thebryme.com/money/,boards/money-plain-english/money.jpg
Money Guides in Plain English,Save and grow,"The foundations before any trade: emergency funds, budgeting, debt payoff, compound interest, house deposits and insurance — evergreen saving, jurisdiction-honest. Read the full guide: https://thebryme.com/money/save/ (THE BRYME money desk).",https://thebryme.com/money/save/,boards/money-plain-english/money__save.jpg
Money Guides in Plain English,"Technical indicators, explained — and how they actually relate","Trend, momentum, volatility and participation describe different aspects of past trading. Read the full guide: https://thebryme.com/money/technical-indicators-explained/ (THE BRYME money desk).",https://thebryme.com/money/technical-indicators-explained/,boards/money-plain-english/money__technical-indicators-explained.jpg
Money Guides in Plain English,"QUANTLAB, explained: every step of a real trading research project","95 crypto runs, 9 forex runs, 34 blind tests, one strategy freeze and one self-audit that retracted its own best result. Read the full guide: https://thebryme.com/money/quantlab-explained/ (THE BRYME money desk).",https://thebryme.com/money/quantlab-explained/,boards/money-plain-english/money__quantlab-explained.jpg
Tech Buying & Fixes,"Which VPN subscription is worth paying for? Read the contract, not the ad",In one line: Introductory prices are instalment arithmetic on a lump sum; renewals are the real product. Read the full guide: https://thebryme.com/tech/which-vpn-subscription-is-worth-it/ (THE BRYME tech desk).,https://thebryme.com/tech/which-vpn-subscription-is-worth-it/,boards/tech-buying-and-fixes/tech__which-vpn-subscription-is-worth-it.jpg
Tech Buying & Fixes,Where to Host a Website for Free — And What Free Actually Means,In one line: You can put a real site online without paying rent. Read the full guide: https://thebryme.com/tech/where-to-host-website-for-free/ (THE BRYME tech desk).,https://thebryme.com/tech/where-to-host-website-for-free/,boards/tech-buying-and-fixes/tech__where-to-host-website-for-free.jpg
Tech Buying & Fixes,"What ChatGPT, Claude and Gemini Actually Do With Your Conversations",In one line: All three let you stop your chats training their models. Read the full guide: https://thebryme.com/tech/ai-assistant-data-training-settings/ (THE BRYME tech desk).,https://thebryme.com/tech/ai-assistant-data-training-settings/,boards/tech-buying-and-fixes/tech__ai-assistant-data-training-settings.jpg
Tech Buying & Fixes,"How much does web hosting cost in 2026? — true prices, the renewal trap, and a 3-year calculator","In one line: Shared hosting really costs $9–$16/mo at renewal, not the $3 banner. Read the full guide: https://thebryme.com/tech/web-hosting-costs-explained/ (THE BRYME tech desk).",https://thebryme.com/tech/web-hosting-costs-explained/,boards/tech-buying-and-fixes/tech__web-hosting-costs-explained.jpg
Tech Buying & Fixes,"Which security solution do I need? — a decision tool for people, not procurement","In one line: From free consumer basics to MDR and MSSP: six questions, one rung of the ladder, reasoning shown, honest price shapes. Read the full guide: https://thebryme.com/tech/which-security-solution/ (THE BRYME tech desk).",https://thebryme.com/tech/which-security-solution/,boards/tech-buying-and-fixes/tech__which-security-solution.jpg
Tech Buying & Fixes,Which hosting type do I need? — a 2-minute decision tool that shows its working,"In one line: Six questions, one hosting recommendation — with the reasoning shown: static free tier, shared, managed WordPress, VPS, or cloud, at honest renewal prices. Read the full guide: https://thebryme.com/tech/which-hosting-type/ (THE BRYME tech desk).",https://thebryme.com/tech/which-hosting-type/,boards/tech-buying-and-fixes/tech__which-hosting-type.jpg
Tech Buying & Fixes,Which password manager fits you? The 2026 chooser,"In one line: Bitwarden vs 1Password vs Apple Passwords vs Proton Pass vs KeePassXC - the 2026 field as a matrix, with a three-question chooser and the habits that matter. Read the full guide: https://thebryme.com/tech/best-password-manager-for-you/ (THE BRYME tech desk).",https://thebryme.com/tech/best-password-manager-for-you/,boards/tech-buying-and-fixes/tech__best-password-manager-for-you.jpg
Tech Buying & Fixes,4K down the length of a room: what actually happens to an HDMI cable over distance,"In one line: Why short runs just work and long ones flicker, the point where copper gives up, the booster-versus-extender choice, and the handshake that blinks every ten minutes. Read the full guide: https://thebryme.com/tech/hdmi-long-run-4k/ (THE BRYME tech desk).",https://thebryme.com/tech/hdmi-long-run-4k/,boards/tech-buying-and-fixes/tech__hdmi-long-run-4k.jpg
Tech Buying & Fixes,"Which cloud service model fits me? — SaaS, PaaS, IaaS, serverless or self-hosted","In one line: SaaS, PaaS, IaaS, serverless or self-hosted: six questions, one recommendation, reasoning shown — with the real cost shape of each rung. Read the full guide: https://thebryme.com/tech/which-cloud-service-model/ (THE BRYME tech desk).",https://thebryme.com/tech/which-cloud-service-model/,boards/tech-buying-and-fixes/tech__which-cloud-service-model.jpg
Tech Buying & Fixes,Why your computer fans are loud — and when that&#x27;s actually a warning sign,"In one line: Fans are the machine&#x27;s only cooling, and they get loud for honest reasons: dust, heat, or a runaway process. Read the full guide: https://thebryme.com/tech/computer-fans-loud/ (THE BRYME tech desk).",https://thebryme.com/tech/computer-fans-loud/,boards/tech-buying-and-fixes/tech__computer-fans-loud.jpg
Tech Buying & Fixes,"How much RAM do you actually need in 2026? 8, 16, 32 or 64 GB","In one line: The honest tiering by what you actually do: why 16 GB is the default answer, when 8 GB genuinely still works, and the two workloads that legitimately eat 32 GB and beyond. Read the full guide: https://thebryme.com/tech/how-much-ram-do-you-need/ (THE BRYME tech desk).",https://thebryme.com/tech/how-much-ram-do-you-need/,boards/tech-buying-and-fixes/tech__how-much-ram-do-you-need.jpg
Tech Buying & Fixes,Why smart plugs keep going offline (and the fix order that works),"In one line: The 2.4 GHz requirement, the DHCP timeout, the cloud dependency nobody mentions — the diagnostic order for the most-complained-about smart home device, symptom by symptom. Read the full guide: https://thebryme.com/tech/smart-plug-going-offline/ (THE BRYME tech desk).",https://thebryme.com/tech/smart-plug-going-offline/,boards/tech-buying-and-fixes/tech__smart-plug-going-offline.jpg
Tech Buying & Fixes,How to actually audit every subscription you&#x27;re paying for,"In one line: One hour, one statement walk, one app-store pass, four questions per service. Read the full guide: https://thebryme.com/tech/subscription-creep-audit/ (THE BRYME tech desk).",https://thebryme.com/tech/subscription-creep-audit/,boards/tech-buying-and-fixes/tech__subscription-creep-audit.jpg
Tech Buying & Fixes,Why smart home setups fail: the Wi-Fi mistakes nobody warns you about,In one line: The smart device is almost never the problem. Read the full guide: https://thebryme.com/tech/wi-fi-setup-mistakes/ (THE BRYME tech desk).,https://thebryme.com/tech/wi-fi-setup-mistakes/,boards/tech-buying-and-fixes/tech__wi-fi-setup-mistakes.jpg
Tech Buying & Fixes,Why won&#x27;t my website deploy? The diagnostic tree,"In one line: Build red, build green but the site wrong, or nothing happening at all — the three failure families, in the order that finds the cause fastest. Read the full guide: https://thebryme.com/tech/website-wont-deploy-fix/ (THE BRYME tech desk).",https://thebryme.com/tech/website-wont-deploy-fix/,boards/tech-buying-and-fixes/tech__website-wont-deploy-fix.jpg
Tech Buying & Fixes,Why does DNS not work — and why do changes &#x27;take so long&#x27;?,"In one line: Wrong records, caching layers, and the registry itself: how to find which layer is lying to you, and what propagation actually is. Read the full guide: https://thebryme.com/tech/dns-not-working-propagation/ (THE BRYME tech desk).",https://thebryme.com/tech/dns-not-working-propagation/,boards/tech-buying-and-fixes/tech__dns-not-working-propagation.jpg
Tech Buying & Fixes,How to parse JSON in Python (and fix the errors everyone hits),"In one line: json.loads vs json.load, safe access to nested data, the datetime gotcha, and how to read a JSONDecodeError by line and column. Read the full guide: https://thebryme.com/tech/parse-json-python/ (THE BRYME tech desk).",https://thebryme.com/tech/parse-json-python/,boards/tech-buying-and-fixes/tech__parse-json-python.jpg
Tech Buying & Fixes,"What is DNS? The internet&#x27;s phonebook, explained properly","In one line: Names into numbers, records into pages: what actually happens when you type an address — and why changes take time to appear. Read the full guide: https://thebryme.com/tech/what-is-dns/ (THE BRYME tech desk).",https://thebryme.com/tech/what-is-dns/,boards/tech-buying-and-fixes/tech__what-is-dns.jpg
Tech Buying & Fixes,Why your phone gets hot - and what actually fixes it,"In one line: Normal warm versus warning hot: the four honest causes, the fixes in order, and the one physical sign that means stop using the phone today. Read the full guide: https://thebryme.com/tech/phone-overheating-causes-and-fixes/ (THE BRYME tech desk).",https://thebryme.com/tech/phone-overheating-causes-and-fixes/,boards/tech-buying-and-fixes/tech__phone-overheating-causes-and-fixes.jpg
Tech Buying & Fixes,"How large language models actually work (in plain English, no maths)",In one line: They are not databases and not minds — they are extremely good guessers of the next word. Read the full guide: https://thebryme.com/tech/how-large-language-models-actually-work/ (THE BRYME tech desk).,https://thebryme.com/tech/how-large-language-models-actually-work/,boards/tech-buying-and-fixes/tech__how-large-language-models-actually-work.jpg
Tech Buying & Fixes,When the smart thing you bought needs a monthly fee to do the smart part,"In one line: More devices ship working, then ask for a subscription to keep doing what you bought them for. Read the full guide: https://thebryme.com/tech/smart-home-features-behind-a-subscription/ (THE BRYME tech desk).",https://thebryme.com/tech/smart-home-features-behind-a-subscription/,boards/tech-buying-and-fixes/tech__smart-home-features-behind-a-subscription.jpg
Tech Buying & Fixes,"Why is my site still not HTTPS? Certificate problems, in order","In one line: DNS first, CAA second, coverage third: why certificates fail to issue, and why the padlock can still say &#x27;Not secure&#x27; on a working site. Read the full guide: https://thebryme.com/tech/ssl-certificate-not-issuing/ (THE BRYME tech desk).",https://thebryme.com/tech/ssl-certificate-not-issuing/,boards/tech-buying-and-fixes/tech__ssl-certificate-not-issuing.jpg
Tech Buying & Fixes,How BRYME Tech researches what it publishes,"Every guide on this desk is written under one discipline: verify it live, name the source, date the volatile parts &mdash; or don't claim it at all. Read the full guide: https://thebryme.com/tech/methodology/ (THE BRYME tech desk).",https://thebryme.com/tech/methodology/,boards/tech-buying-and-fixes/tech__methodology.jpg
Tech Buying & Fixes,"What a VPS actually is, and the honest signs you have outgrown shared hosting",In one line: A VPS is a guaranteed slice of a server that is yours to control. Read the full guide: https://thebryme.com/tech/what-is-a-vps-when-you-need-one/ (THE BRYME tech desk).,https://thebryme.com/tech/what-is-a-vps-when-you-need-one/,boards/tech-buying-and-fixes/tech__what-is-a-vps-when-you-need-one.jpg
Tech Buying & Fixes,How to spot a suspicious link before you tap it,In one line: The checklist that catches most phishing links in ten seconds — and what to do if you already tapped. Read the full guide: https://thebryme.com/tech/how-to-spot-a-suspicious-link/ (THE BRYME tech desk).,https://thebryme.com/tech/how-to-spot-a-suspicious-link/,boards/tech-buying-and-fixes/tech__how-to-spot-a-suspicious-link.jpg
Tech Buying & Fixes,Why you should never store passwords in a plain text file or notes app,In one line: It feels safer than trusting a password manager. Read the full guide: https://thebryme.com/tech/plain-text-passwords/ (THE BRYME tech desk).,https://thebryme.com/tech/plain-text-passwords/,boards/tech-buying-and-fixes/tech__plain-text-passwords.jpg
Tech Buying & Fixes,What a CDN actually does (and the small-site case for one),In one line: A CDN serves copies of your site from servers near your visitors. Read the full guide: https://thebryme.com/tech/what-is-a-cdn-why-your-site-needs-one/ (THE BRYME tech desk).,https://thebryme.com/tech/what-is-a-cdn-why-your-site-needs-one/,boards/tech-buying-and-fixes/tech__what-is-a-cdn-why-your-site-needs-one.jpg
Tech Buying & Fixes,What is an API? The explainer that finally makes it click,"In one line: The restaurant menu, the weather app, and why “API” is less mysterious than the people using the word want it to sound. Read the full guide: https://thebryme.com/tech/what-is-an-api/ (THE BRYME tech desk).",https://thebryme.com/tech/what-is-an-api/,boards/tech-buying-and-fixes/tech__what-is-an-api.jpg
Tech Buying & Fixes,Why your cloud bill spiked (and the few settings that stop it),"In one line: Cloud bills rarely rise because you did more work — they rise because of egress, an orphaned resource, or a service left running. Read the full guide: https://thebryme.com/tech/cloud-bill-why-it-spikes/ (THE BRYME tech desk).",https://thebryme.com/tech/cloud-bill-why-it-spikes/,boards/tech-buying-and-fixes/tech__cloud-bill-why-it-spikes.jpg
Tech Buying & Fixes,How many hours of video fit in a gigabyte: the streaming numbers the services publish,"In one line: The SD/HD/4K data ranges as the providers themselves state them, the quality setting that is the whole steering wheel, and the app&#x27;s hidden habits. Read the full guide: https://thebryme.com/tech/hours-of-video-per-gigabyte/ (THE BRYME tech desk).",https://thebryme.com/tech/hours-of-video-per-gigabyte/,boards/tech-buying-and-fixes/tech__hours-of-video-per-gigabyte.jpg
"Fitness, No Myths","How to start going to the gym: your first visit, planned hour by hour","In one line: The fear, the floor plan, and a 45-minute first session anyone can walk in and do - plus what weeks one to four actually look like. Read the full guide: https://thebryme.com/fitness/how-to-start-going-to-the-gym/ (THE BRYME fitness desk).",https://thebryme.com/fitness/how-to-start-going-to-the-gym/,boards/fitness-no-myths/fitness__how-to-start-going-to-the-gym.jpg
"Fitness, No Myths",Does eating late make you gain weight? The honest answer,"In one line: The 8pm cutoff myth examined: what trials find about meal timing, the real mechanism behind late-night eating, and who should actually care about the clock. Read the full guide: https://thebryme.com/fitness/eating-late-at-night-myth-explained/ (THE BRYME fitness desk).",https://thebryme.com/fitness/eating-late-at-night-myth-explained/,boards/fitness-no-myths/fitness__eating-late-at-night-myth-explained.jpg
"Fitness, No Myths",How much protein do you actually need?,"In one line: The official number, why trainers quote bigger ones, food before powders — the honest arithmetic, with the lines this desk will not cross. Read the full guide: https://thebryme.com/fitness/how-much-protein-do-you-need/ (THE BRYME fitness desk).",https://thebryme.com/fitness/how-much-protein-do-you-need/,boards/fitness-no-myths/fitness__how-much-protein-do-you-need.jpg
"Fitness, No Myths",How to measure fitness progress: beyond the bathroom scale,In one line: The scale is one noisy instrument among many. Read the full guide: https://thebryme.com/fitness/how-to-measure-fitness-progress-explained/ (THE BRYME fitness desk).,https://thebryme.com/fitness/how-to-measure-fitness-progress-explained/,boards/fitness-no-myths/fitness__how-to-measure-fitness-progress-explained.jpg
"Fitness, No Myths",How recovery changes with age: what slows down and what you can do about it,"In one line: The honest science of ageing recovery — what genuinely slows, what is actually deconditioning, and the protocol changes that keep training consistent past 40. Read the full guide: https://thebryme.com/fitness/recovery-changes-with-age-explained/ (THE BRYME fitness desk).",https://thebryme.com/fitness/recovery-changes-with-age-explained/,boards/fitness-no-myths/fitness__recovery-changes-with-age-explained.jpg
"Fitness, No Myths",What does 3x10 mean? Reading a workout programme for the first time,"In one line: Sets, reps, load and the unstated assumptions behind every number on a training card - plus how to choose the weight and when to change the numbers. Read the full guide: https://thebryme.com/fitness/what-does-3x10-mean-explained/ (THE BRYME fitness desk).",https://thebryme.com/fitness/what-does-3x10-mean-explained/,boards/fitness-no-myths/fitness__what-does-3x10-mean-explained.jpg
"Fitness, No Myths","How much muscle can you actually gain? Realistic rates, year by year","In one line: The natural ceiling is slower than the internet suggests - and that is good news, because it means you are not behind. Read the full guide: https://thebryme.com/fitness/how-much-muscle-can-you-gain/ (THE BRYME fitness desk).",https://thebryme.com/fitness/how-much-muscle-can-you-gain/,boards/fitness-no-myths/fitness__how-much-muscle-can-you-gain.jpg
"Fitness, No Myths",What to eat after a workout (and when it actually matters),"In one line: Protein to rebuild, carbs to restock, water to replace - and a window measured in hours, not minutes. Read the full guide: https://thebryme.com/fitness/what-to-eat-after-a-workout/ (THE BRYME fitness desk).",https://thebryme.com/fitness/what-to-eat-after-a-workout/,boards/fitness-no-myths/fitness__what-to-eat-after-a-workout.jpg
"Fitness, No Myths",What to eat before a workout (without overthinking it),"In one line: Carbs are the workout fuel, timing matters less than habit, and an empty stomach is fine for easy sessions. Read the full guide: https://thebryme.com/fitness/what-to-eat-before-a-workout/ (THE BRYME fitness desk).",https://thebryme.com/fitness/what-to-eat-before-a-workout/,boards/fitness-no-myths/fitness__what-to-eat-before-a-workout.jpg
"Fitness, No Myths",Is breakfast really the most important meal? What evidence says,"In one line: The slogan&#x27;s marketing origin, what breakfast trials actually show, who genuinely benefits, and who does fine without it. Read the full guide: https://thebryme.com/fitness/is-breakfast-really-important-explained/ (THE BRYME fitness desk).",https://thebryme.com/fitness/is-breakfast-really-important-explained/,boards/fitness-no-myths/fitness__is-breakfast-really-important-explained.jpg
"Fitness, No Myths",Is fresh always better than frozen? The honest evidence,"In one line: The fresh-versus-frozen comparison run properly: nutrient science, the timing problem nobody mentions, and when each actually wins. Read the full guide: https://thebryme.com/fitness/is-fresh-always-better-than-frozen-explained/ (THE BRYME fitness desk).",https://thebryme.com/fitness/is-fresh-always-better-than-frozen-explained/,boards/fitness-no-myths/fitness__is-fresh-always-better-than-frozen-explained.jpg
"Fitness, No Myths",How long until the gym shows? An honest timeline,"In one line: Strength first, looks later: what changes in week one, week six and month six - and why the scale lies early. Read the full guide: https://thebryme.com/fitness/how-long-to-see-gym-results/ (THE BRYME fitness desk).",https://thebryme.com/fitness/how-long-to-see-gym-results/,boards/fitness-no-myths/fitness__how-long-to-see-gym-results.jpg
"Fitness, No Myths",How to choose running shoes without the marketing,"In one line: Comfort first, fit second, gait-analysis myths third: a practical, evidence-honest guide to picking running shoes &amp;mdash; and when expensive actually matters. Read the full guide: https://thebryme.com/fitness/how-to-choose-running-shoes/ (THE BRYME fitness desk).",https://thebryme.com/fitness/how-to-choose-running-shoes/,boards/fitness-no-myths/fitness__how-to-choose-running-shoes.jpg
"Fitness, No Myths",What fruit actually does for your body (apples included),"In one line: Fibre, water, vitamins and the honest truth about fruit sugar, juice, and the apple-a-day saying — general information, not a prescription. Read the full guide: https://thebryme.com/fitness/what-fruit-does-to-your-body/ (THE BRYME fitness desk).",https://thebryme.com/fitness/what-fruit-does-to-your-body/,boards/fitness-no-myths/fitness__what-fruit-does-to-your-body.jpg
"Fitness, No Myths",How to lose belly fat: the honest science (spoiler: no crunches),In one line: Spot reduction is a myth with a marketing budget. Read the full guide: https://thebryme.com/fitness/how-to-lose-belly-fat-honestly/ (THE BRYME fitness desk).,https://thebryme.com/fitness/how-to-lose-belly-fat-honestly/,boards/fitness-no-myths/fitness__how-to-lose-belly-fat-honestly.jpg
"Fitness, No Myths",Should you exercise when you&#x27;re sick? The honest answer,"In one line: The neck-check rule, what fever really means, myocarditis risk, and how to rebuild after an illness without undoing your training. Read the full guide: https://thebryme.com/fitness/exercise-when-sick-explained/ (THE BRYME fitness desk).",https://thebryme.com/fitness/exercise-when-sick-explained/,boards/fitness-no-myths/fitness__exercise-when-sick-explained.jpg
"Fitness, No Myths",How progressive overload works: getting a little better on purpose,"In one line: The quiet principle behind every real training result — and the honest version, including the weeks when you repeat yourself. Read the full guide: https://thebryme.com/fitness/how-progressive-overload-works/ (THE BRYME fitness desk).",https://thebryme.com/fitness/how-progressive-overload-works/,boards/fitness-no-myths/fitness__how-progressive-overload-works.jpg
"Fitness, No Myths",How to relieve sore muscles: what actually works,In one line: Delayed soreness peaks a day or two after training. Read the full guide: https://thebryme.com/fitness/doms-relief-what-works/ (THE BRYME fitness desk).,https://thebryme.com/fitness/doms-relief-what-works/,boards/fitness-no-myths/fitness__doms-relief-what-works.jpg
"Fitness, No Myths",How long does it take to see workout results? The honest timeline,"In one line: Weeks 1-2 you feel different, weeks 3-6 you see it, weeks 8-12 everyone does - what actually happens when, and what makes it faster. Read the full guide: https://thebryme.com/fitness/how-long-to-see-workout-results/ (THE BRYME fitness desk).",https://thebryme.com/fitness/how-long-to-see-workout-results/,boards/fitness-no-myths/fitness__how-long-to-see-workout-results.jpg
"Fitness, No Myths",Is a personal trainer worth it? The honest cost-benefit,"In one line: When a trainer genuinely pays for itself, when it doesn&#x27;t, and the questions that separate professionals from salespeople. Read the full guide: https://thebryme.com/fitness/personal-trainer-worth-it/ (THE BRYME fitness desk).",https://thebryme.com/fitness/personal-trainer-worth-it/,boards/fitness-no-myths/fitness__personal-trainer-worth-it.jpg
"Fitness, No Myths",How much water should you actually drink in a day?,"In one line: Where the eight-glasses rule came from, what official guidance says, why thirst works, and the honest signs of drinking enough - all as general information. Read the full guide: https://thebryme.com/fitness/how-much-water-to-drink-a-day/ (THE BRYME fitness desk).",https://thebryme.com/fitness/how-much-water-to-drink-a-day/,boards/fitness-no-myths/fitness__how-much-water-to-drink-a-day.jpg
"Fitness, No Myths",What water actually does to your body,"In one line: Not a detox, not a fat-burner - a working fluid: cooling, transport, joints, kidneys and focus, explained system by system. Read the full guide: https://thebryme.com/fitness/what-water-does-to-your-body/ (THE BRYME fitness desk).",https://thebryme.com/fitness/what-water-does-to-your-body/,boards/fitness-no-myths/fitness__what-water-does-to-your-body.jpg
"Fitness, No Myths","How to warm up (in five minutes, without rituals)","In one line: What a warm-up actually does, the three-part pattern that covers every session, and where static stretching honestly belongs. Read the full guide: https://thebryme.com/fitness/how-to-warm-up/ (THE BRYME fitness desk).",https://thebryme.com/fitness/how-to-warm-up/,boards/fitness-no-myths/fitness__how-to-warm-up.jpg
"Fitness, No Myths",Is protein powder worth it? The honest case for and against,"In one line: It is not magic, it is not fake, and it is not food&#x27;s replacement. Read the full guide: https://thebryme.com/fitness/protein-powder-worth-it/ (THE BRYME fitness desk).",https://thebryme.com/fitness/protein-powder-worth-it/,boards/fitness-no-myths/fitness__protein-powder-worth-it.jpg
"Fitness, No Myths",How many steps a day actually matter? The honest answer,"In one line: Where 10,000 steps came from, what the research actually found, and the number a beginner should care about instead. Read the full guide: https://thebryme.com/fitness/how-many-steps-a-day/ (THE BRYME fitness desk).",https://thebryme.com/fitness/how-many-steps-a-day/,boards/fitness-no-myths/fitness__how-many-steps-a-day.jpg
"Fitness, No Myths",What apple cider vinegar actually does to your body,"In one line: The honest version: a modest blood-sugar effect, weak weight-loss evidence, a few real cautions - and no detox anywhere in it. Read the full guide: https://thebryme.com/fitness/apple-cider-vinegar-effects/ (THE BRYME fitness desk).",https://thebryme.com/fitness/apple-cider-vinegar-effects/,boards/fitness-no-myths/fitness__apple-cider-vinegar-effects.jpg
"Fitness, No Myths",Practical fitness. No miracle claims,"You have a fitness question, a body signal or a plan to build. Read the full guide: https://thebryme.com/fitness/ (THE BRYME fitness desk).",https://thebryme.com/fitness/,boards/fitness-no-myths/fitness.jpg
"Fitness, No Myths","Push day, taught: 16 chest, shoulder and tricep moves","In one line: Every push exercise in the library - from wall push-ups to handstand holds - with setup, the one cue that matters, the common mistake, and the sets. Read the full guide: https://thebryme.com/fitness/exercise-library-push/ (THE BRYME fitness desk).",https://thebryme.com/fitness/exercise-library-push/,boards/fitness-no-myths/fitness__exercise-library-push.jpg
"Fitness, No Myths","Leg day, taught: 16 squat, lunge and hinge moves","In one line: Squats, lunges, bridges and hinges - the biggest muscles in the body, trained with nothing more than a floor, a wall and a step. Read the full guide: https://thebryme.com/fitness/exercise-library-legs/ (THE BRYME fitness desk).",https://thebryme.com/fitness/exercise-library-legs/,boards/fitness-no-myths/fitness__exercise-library-legs.jpg
"Fitness, No Myths","Pull day, taught: 16 back and bicep moves","In one line: Rows, pulldowns and curls for a strong back - the postural half of training that most home programmes skip. Read the full guide: https://thebryme.com/fitness/exercise-library-pull/ (THE BRYME fitness desk).",https://thebryme.com/fitness/exercise-library-pull/,boards/fitness-no-myths/fitness__exercise-library-pull.jpg
What to Watch Tonight,What should I watch — and why?,"You have ninety minutes, a group-chat argument or a franchise to untangle. Read the full guide: https://thebryme.com/entertainment/ (THE BRYME entertainment desk).",https://thebryme.com/entertainment/,boards/what-to-watch-tonight/entertainment.jpg
What to Watch Tonight,Why Prison Break Season 1 Is Still One of the Best TV Seasons,In one line: I didn&#x27;t even want to watch Prison Break at first. Read the full guide: https://thebryme.com/entertainment/why-prison-break-season-1-is-still-one-of-the-best-tv-seasons/ (THE BRYME entertainment desk).,https://thebryme.com/entertainment/why-prison-break-season-1-is-still-one-of-the-best-tv-seasons/,boards/what-to-watch-tonight/entertainment__why-prison-break-season-1-is-still-one-of-the-best-tv-seasons.jpg
What to Watch Tonight,What to watch next,"Recommendations, starter routes and watch orders — the answer to “what should I watch tonight?”, argued honestly rather than scraped. Read the full guide: https://thebryme.com/entertainment/recommendations/ (THE BRYME entertainment desk).",https://thebryme.com/entertainment/recommendations/,boards/what-to-watch-tonight/entertainment__recommendations.jpg
What to Watch Tonight,10 Anime Like Solo Leveling You Should Watch,"In one line: Ten anime that give you Solo Leveling&#x27;s addictive formula — a weak protagonist, a mysterious system, monsters, dungeons and constant power growth — from That… Read the full guide: https://thebryme.com/entertainment/10-anime-like-solo-leveling-you-should-watch/ (THE BRYME entertainment desk).",https://thebryme.com/entertainment/10-anime-like-solo-leveling-you-should-watch/,boards/what-to-watch-tonight/entertainment__10-anime-like-solo-leveling-you-should-watch.jpg
What to Watch Tonight,Why Solo Leveling&#x27;s E,In one line: A personal anime recommendation: why Sung Jinwoo&#x27;s rise from the weakest E-Rank hunter to something completely different is the most addictive progression in… Read the full guide: https://thebryme.com/entertainment/solo-leveling-e-rank-to-s-rank/ (THE BRYME entertainment desk).,https://thebryme.com/entertainment/solo-leveling-e-rank-to-s-rank/,boards/what-to-watch-tonight/entertainment__solo-leveling-e-rank-to-s-rank.jpg
What to Watch Tonight,10 Shows Like Alice in Borderland You Should Watch Next,"In one line: Deadly games, impossible decisions and the constant feeling that one mistake could be your last — 10 shows that give Alice in Borderland fans the same rush, … Read the full guide: https://thebryme.com/entertainment/10-shows-like-alice-in-borderland-you-should-watch-next/ (THE BRYME entertainment desk).",https://thebryme.com/entertainment/10-shows-like-alice-in-borderland-you-should-watch-next/,boards/what-to-watch-tonight/entertainment__10-shows-like-alice-in-borderland-you-should-watch-next.jpg
What to Watch Tonight,"Why are modern movies so dark? The grading trend, the technical traps, and your living room&#x27;s share of the blame",In one line: The complaint is old enough to have its own genre of article: you cannot see anything in this movie. Read the full guide: https://thebryme.com/entertainment/why-are-modern-movies-so-dark-explained/ (THE BRYME entertainment desk).,https://thebryme.com/entertainment/why-are-modern-movies-so-dark-explained/,boards/what-to-watch-tonight/entertainment__why-are-modern-movies-so-dark-explained.jpg
What to Watch Tonight,Where to start with Studio Ghibli: an honest route,In one line: Studio Ghibli&#x27;s catalogue is deep enough that the wrong first film can mis-sell the whole house: start with the slowest and you may decide the studio is bori… Read the full guide: https://thebryme.com/entertainment/where-to-start-with-ghibli/ (THE BRYME entertainment desk).,https://thebryme.com/entertainment/where-to-start-with-ghibli/,boards/what-to-watch-tonight/entertainment__where-to-start-with-ghibli.jpg
What to Watch Tonight,93 Days,"The Ebola outbreak thriller that Nigeria needed before it knew it needed it - procedural, unshowy and all the braver for it Read the full guide: https://thebryme.com/entertainment/reviews/93-days/ (THE BRYME entertainment desk).",https://thebryme.com/entertainment/reviews/93-days/,boards/what-to-watch-tonight/entertainment__reviews__93-days.jpg
What to Watch Tonight,"Where to start with James Bond: the eras, argued",In one line: Bond is not one franchise; it is six in a trench coat. Read the full guide: https://thebryme.com/entertainment/where-to-start-with-james-bond/ (THE BRYME entertainment desk).,https://thebryme.com/entertainment/where-to-start-with-james-bond/,boards/what-to-watch-tonight/entertainment__where-to-start-with-james-bond.jpg
What to Watch Tonight,Isoken,"The rom-com that made a title a thesis: a princess who refuses the crown of the wedding industry, played at a full human tempo Read the full guide: https://thebryme.com/entertainment/reviews/isoken/ (THE BRYME entertainment desk).",https://thebryme.com/entertainment/reviews/isoken/,boards/what-to-watch-tonight/entertainment__reviews__isoken.jpg
What to Watch Tonight,76,"The coup the classrooms skipped, restored as a love story under arrest - and Nigerian cinema&#x27;s first honest argument with its own history Read the full guide: https://thebryme.com/entertainment/reviews/76/ (THE BRYME entertainment desk).",https://thebryme.com/entertainment/reviews/76/,boards/what-to-watch-tonight/entertainment__reviews__76.jpg
What to Watch Tonight,30 Days in Atlanta,"Ayo Makun exports Akpos from a Lagos family comedy into an Atlanta travel machine: the film is broad, glossy and often funny, but its biggest achievement is industrial scale rather than a story that c Read the full guide: https://thebryme.com/entertainment/reviews/thirty-days-in-atlanta/ (THE BRYME entertainment desk).",https://thebryme.com/entertainment/reviews/thirty-days-in-atlanta/,boards/what-to-watch-tonight/entertainment__reviews__thirty-days-in-atlanta.jpg
What to Watch Tonight,What to watch when you are bored: the two-minute answer,In one line: Boredom is rarely the problem. Read the full guide: https://thebryme.com/entertainment/what-to-watch-when-bored/ (THE BRYME entertainment desk).,https://thebryme.com/entertainment/what-to-watch-when-bored/,boards/what-to-watch-tonight/entertainment__what-to-watch-when-bored.jpg
What to Watch Tonight,How we score films,"Every score on this desk is one number with a published method behind it, on a page that says who checked what and when. Read the full guide: https://thebryme.com/entertainment/scoring/ (THE BRYME entertainment desk).",https://thebryme.com/entertainment/scoring/,boards/what-to-watch-tonight/entertainment__scoring.jpg
What to Watch Tonight,10 Korean Movies Everyone Should Watch,In one line: Korean cinema is the best-kept secret that isn&#x27;t a secret anymore. Read the full guide: https://thebryme.com/entertainment/10-korean-movies-everyone-should-watch/ (THE BRYME entertainment desk).,https://thebryme.com/entertainment/10-korean-movies-everyone-should-watch/,boards/what-to-watch-tonight/entertainment__10-korean-movies-everyone-should-watch.jpg
What to Watch Tonight,7 Movies We Wished Never Ended,In one line: Some movies end and the credits feel like a loss. Read the full guide: https://thebryme.com/entertainment/7-movies-we-wished-never-ended/ (THE BRYME entertainment desk).,https://thebryme.com/entertainment/7-movies-we-wished-never-ended/,boards/what-to-watch-tonight/entertainment__7-movies-we-wished-never-ended.jpg
What to Watch Tonight,"How Nollywood went global, explained: from Lagos markets to world screens","In one line: Nollywood&#x27;s global presence now looks inevitable — platform deals, international premieres, stars with worldwide followings — and it is easy to forget the in… Read the full guide: https://thebryme.com/entertainment/how-nollywood-went-global-explained/ (THE BRYME entertainment desk).",https://thebryme.com/entertainment/how-nollywood-went-global-explained/,boards/what-to-watch-tonight/entertainment__how-nollywood-went-global-explained.jpg
What to Watch Tonight,How award season actually works,"In one line: Awards night looks like a coronation; it is actually the end of a months-long campaign with rules, voters and strategies most viewers never see. Read the full guide: https://thebryme.com/entertainment/how-award-season-actually-works/ (THE BRYME entertainment desk).",https://thebryme.com/entertainment/how-award-season-actually-works/,boards/what-to-watch-tonight/entertainment__how-award-season-actually-works.jpg
What to Watch Tonight,12 Movies Like Deadpool &amp; Wolverine (And Where to Watch Them),"In one line: Same DNA, same joy: meta comedy, loving violence and cameos that make a cinema shout. Read the full guide: https://thebryme.com/entertainment/movies-like-deadpool-and-wolverine/ (THE BRYME entertainment desk).",https://thebryme.com/entertainment/movies-like-deadpool-and-wolverine/,boards/what-to-watch-tonight/entertainment__movies-like-deadpool-and-wolverine.jpg
What to Watch Tonight,10 Facts About Agent Kim — Squid Game Season 3,In one line: She&#x27;s the pink-suit soldier everyone can&#x27;t stop talking about. Read the full guide: https://thebryme.com/entertainment/10-facts-about-agent-kim-squid-game-season-3/ (THE BRYME entertainment desk).,https://thebryme.com/entertainment/10-facts-about-agent-kim-squid-game-season-3/,boards/what-to-watch-tonight/entertainment__10-facts-about-agent-kim-squid-game-season-3.jpg
What to Watch Tonight,Why is everything a remake now? The honest economics,In one line: Every year the internet laments that Hollywood only makes remakes now. Read the full guide: https://thebryme.com/entertainment/why-everything-is-a-remake/ (THE BRYME entertainment desk).,https://thebryme.com/entertainment/why-everything-is-a-remake/,boards/what-to-watch-tonight/entertainment__why-everything-is-a-remake.jpg
What to Watch Tonight,How to build a watchlist you will actually finish,"In one line: The modern watchlist is a graveyard of good intentions: four hundred saved titles, growing monthly, never visited. Read the full guide: https://thebryme.com/entertainment/how-to-build-a-watchlist/ (THE BRYME entertainment desk).",https://thebryme.com/entertainment/how-to-build-a-watchlist/,boards/what-to-watch-tonight/entertainment__how-to-build-a-watchlist.jpg
What to Watch Tonight,What film noir is: the shadow genre that never ended,"In one line: Film noir is the strangest category in cinema: a genre that did not know it was a genre until it was mostly over, named by French critics looking back at a r… Read the full guide: https://thebryme.com/entertainment/what-is-film-noir-explained/ (THE BRYME entertainment desk).",https://thebryme.com/entertainment/what-is-film-noir-explained/,boards/what-to-watch-tonight/entertainment__what-is-film-noir-explained.jpg
What to Watch Tonight,Why TV seasons keep getting shorter,"In one line: If shows feel shorter than they used to, that is because they are. Read the full guide: https://thebryme.com/entertainment/why-tv-seasons-are-getting-shorter/ (THE BRYME entertainment desk).",https://thebryme.com/entertainment/why-tv-seasons-are-getting-shorter/,boards/what-to-watch-tonight/entertainment__why-tv-seasons-are-getting-shorter.jpg
What to Watch Tonight,"Best Streaming Apps in Nigeria (2026), Honestly Compared","In one line: Netflix, Showmax, Prime or free TV. Read the full guide: https://thebryme.com/entertainment/best-streaming-apps-nigeria/ (THE BRYME entertainment desk).",https://thebryme.com/entertainment/best-streaming-apps-nigeria/,boards/what-to-watch-tonight/entertainment__best-streaming-apps-nigeria.jpg
What to Watch Tonight,Best Anime to Watch Now: 7 Series Worth Your Weekend,"In one line: No hype cycles and no piracy: seven series the BRYME catalogue actually rates, each with a legal place to stream. Read the full guide: https://thebryme.com/entertainment/best-anime-to-watch-now/ (THE BRYME entertainment desk).",https://thebryme.com/entertainment/best-anime-to-watch-now/,boards/what-to-watch-tonight/entertainment__best-anime-to-watch-now.jpg
What to Watch Tonight,What actually makes a cult classic,In one line: A cult classic is not a good film that failed. Read the full guide: https://thebryme.com/entertainment/what-makes-a-cult-classic/ (THE BRYME entertainment desk).,https://thebryme.com/entertainment/what-makes-a-cult-classic/,boards/what-to-watch-tonight/entertainment__what-makes-a-cult-classic.jpg
What to Watch Tonight,"What is the hottest movie right now? How to know, and what is hot this month",In one line: &quot;What&#x27;s the hottest movie right now&quot; has two honest answers: what is selling the most tickets (the box office) and what everyone you know is actually watchin… Read the full guide: https://thebryme.com/entertainment/hottest-movies-right-now/ (THE BRYME entertainment desk).,https://thebryme.com/entertainment/hottest-movies-right-now/,boards/what-to-watch-tonight/entertainment__hottest-movies-right-now.jpg
What to Watch Tonight,How movie budgets actually work (and why &#x27;profit&#x27; is the strangest word in Hollywood),"In one line: Every article about a flop says the same thing: the film cost $200 million and earned $300 million, so it lost money. Read the full guide: https://thebryme.com/entertainment/how-movie-budgets-work/ (THE BRYME entertainment desk).",https://thebryme.com/entertainment/how-movie-budgets-work/,boards/what-to-watch-tonight/entertainment__how-movie-budgets-work.jpg
